-- phpMyAdmin SQL Dump
-- version 5.0.2
-- https://www.phpmyadmin.net/
--
-- Host: 127.0.0.1
-- Generation Time: Sep 08, 2020 at 03:36 AM
-- Server version: 10.4.14-MariaDB
-- PHP Version: 7.2.33

SET SQL_MODE = "NO_AUTO_VALUE_ON_ZERO";
START TRANSACTION;
SET time_zone = "+00:00";


/*!40101 SET @OLD_CHARACTER_SET_CLIENT=@@CHARACTER_SET_CLIENT */;
/*!40101 SET @OLD_CHARACTER_SET_RESULTS=@@CHARACTER_SET_RESULTS */;
/*!40101 SET @OLD_COLLATION_CONNECTION=@@COLLATION_CONNECTION */;
/*!40101 SET NAMES utf8mb4 */;

--
-- Database: `quiz_db`
--

-- --------------------------------------------------------

--
-- Table structure for table `answers`
--

CREATE TABLE `answers` (
  `id` int(30) NOT NULL,
  `user_id` int(30) NOT NULL,
  `quiz_id` int(30) NOT NULL,
  `question_id` int(30) NOT NULL,
  `option_id` int(30) NOT NULL,
  `is_right` tinyint(1) NOT NULL COMMENT ' 1 = right, 0 = wrong',
  `date_updated` datetime NOT NULL DEFAULT current_timestamp() ON UPDATE current_timestamp()
) ENGINE=InnoDB DEFAULT CHARSET=utf8mb4;

--
-- Dumping data for table `answers`
--

INSERT INTO `answers` (`id`, `user_id`, `quiz_id`, `question_id`, `option_id`, `is_right`, `date_updated`) VALUES
(5, 12, 2, 4, 32, 1, '2020-09-07 16:59:14'),
(6, 12, 2, 5, 38, 1, '2020-09-07 16:59:14');

-- --------------------------------------------------------

--
-- Table structure for table `faculty`
--

CREATE TABLE `faculty` (
  `id` int(30) NOT NULL,
  `user_id` int(30) NOT NULL,
  `subject` varchar(100) NOT NULL,
  `date_updated` datetime NOT NULL DEFAULT current_timestamp() ON UPDATE current_timestamp()
) ENGINE=InnoDB DEFAULT CHARSET=utf8mb4;

--
-- Dumping data for table `faculty`
--

INSERT INTO `faculty` (`id`, `user_id`, `subject`, `date_updated`) VALUES
(2, 6, 'Math', '2020-09-07 12:02:08');

-- --------------------------------------------------------

--
-- Table structure for table `history`
--

CREATE TABLE `history` (
  `id` int(30) NOT NULL,
  `quiz_id` int(30) NOT NULL,
  `user_id` int(30) NOT NULL,
  `score` int(5) NOT NULL,
  `total_score` int(5) NOT NULL,
  `date_updated` datetime NOT NULL DEFAULT current_timestamp() ON UPDATE current_timestamp()
) ENGINE=InnoDB DEFAULT CHARSET=utf8mb4;

--
-- Dumping data for table `history`
--

INSERT INTO `history` (`id`, `quiz_id`, `user_id`, `score`, `total_score`, `date_updated`) VALUES
(3, 2, 12, 4, 4, '2020-09-07 16:59:14');

-- --------------------------------------------------------

--
-- Table structure for table `questions`
--

CREATE TABLE `questions` (
  `id` int(30) NOT NULL,
  `question` text NOT NULL,
  `qid` int(30) NOT NULL,
  `order_by` int(11) NOT NULL,
  `date_updated` datetime NOT NULL DEFAULT current_timestamp() ON UPDATE current_timestamp()
) ENGINE=InnoDB DEFAULT CHARSET=utf8mb4;

--
-- Dumping data for table `questions`
--

INSERT INTO `questions` (`id`, `question`, `qid`, `order_by`, `date_updated`) VALUES
(4, 'asdasd ads ads f ddfg dfgg', 2, 0, '2020-09-07 14:32:18'),
(5, 'Sample Question', 2, 0, '2020-09-07 14:00:39');

-- --------------------------------------------------------

--
-- Table structure for table `question_opt`
--

CREATE TABLE `question_opt` (
  `id` int(30) NOT NULL,
  `option_txt` text NOT NULL,
  `question_id` int(30) NOT NULL,
  `is_right` tinyint(4) NOT NULL DEFAULT 0 COMMENT '1= right answer',
  `date_updated` datetime NOT NULL DEFAULT current_timestamp() ON UPDATE current_timestamp()
) ENGINE=InnoDB DEFAULT CHARSET=utf8mb4;

--
-- Dumping data for table `question_opt`
--

INSERT INTO `question_opt` (`id`, `option_txt`, `question_id`, `is_right`, `date_updated`) VALUES
(29, 'dsfsf sdf', 4, 0, '2020-09-07 14:40:57'),
(30, 'dfdf', 4, 0, '2020-09-07 14:40:57'),
(31, ' dfd', 4, 0, '2020-09-07 14:40:57'),
(32, 'dsfsd', 4, 1, '2020-09-07 14:40:57'),
(37, 'Wrong', 5, 0, '2020-09-07 14:41:32'),
(38, 'Right', 5, 1, '2020-09-07 14:41:32'),
(39, 'Wrong', 5, 0, '2020-09-07 14:41:32'),
(40, 'Wrong', 5, 0, '2020-09-07 14:41:32');

-- --------------------------------------------------------

--
-- Table structure for table `quiz_list`
--

CREATE TABLE `quiz_list` (
  `id` int(30) NOT NULL,
  `title` varchar(200) NOT NULL,
  `qpoints` int(11) NOT NULL DEFAULT 1,
  `user_id` int(20) NOT NULL,
  `date_updated` datetime NOT NULL DEFAULT current_timestamp() ON UPDATE current_timestamp()
) ENGINE=InnoDB DEFAULT CHARSET=utf8mb4;

--
-- Dumping data for table `quiz_list`
--

INSERT INTO `quiz_list` (`id`, `title`, `qpoints`, `user_id`, `date_updated`) VALUES
(2, 'Pre-Test (Math)', 2, 6, '2020-09-07 13:21:27');

-- --------------------------------------------------------

--
-- Table structure for table `quiz_student_list`
--

CREATE TABLE `quiz_student_list` (
  `id` int(30) NOT NULL,
  `quiz_id` int(30) NOT NULL,
  `user_id` int(30) NOT NULL,
  `date_updated` datetime NOT NULL DEFAULT current_timestamp() ON UPDATE current_timestamp()
) ENGINE=InnoDB DEFAULT CHARSET=utf8mb4;

--
-- Dumping data for table `quiz_student_list`
--

INSERT INTO `quiz_student_list` (`id`, `quiz_id`, `user_id`, `date_updated`) VALUES
(5, 2, 12, '2020-09-07 15:05:58'),
(6, 2, 13, '2020-09-07 15:05:58');

-- --------------------------------------------------------

--
-- Table structure for table `students`
--

CREATE TABLE `students` (
  `id` int(30) NOT NULL,
  `user_id` int(30) NOT NULL,
  `level_section` varchar(100) NOT NULL,
  `date_updated` datetime NOT NULL DEFAULT current_timestamp() ON UPDATE current_timestamp()
) ENGINE=InnoDB DEFAULT CHARSET=utf8mb4;

--
-- Dumping data for table `students`
--

INSERT INTO `students` (`id`, `user_id`, `level_section`, `date_updated`) VALUES
(3, 12, '2-C', '2020-09-07 14:51:25'),
(4, 13, '2-C', '2020-09-07 14:54:28');

-- --------------------------------------------------------

--
-- Table structure for table `users`
--

CREATE TABLE `users` (
  `id` int(30) NOT NULL,
  `name` varchar(150) NOT NULL,
  `user_type` tinyint(1) NOT NULL DEFAULT 1 COMMENT '1 = admin, 2= faculty , 3 = student',
  `username` varchar(25) NOT NULL,
  `password` varchar(25) NOT NULL,
  `status` tinyint(1) NOT NULL DEFAULT 1 COMMENT ' 0 = incative , 1 = active',
  `date_updated` datetime NOT NULL DEFAULT current_timestamp() ON UPDATE current_timestamp()
) ENGINE=InnoDB DEFAULT CHARSET=utf8mb4;

--
-- Dumping data for table `users`
--

INSERT INTO `users` (`id`, `name`, `user_type`, `username`, `password`, `status`, `date_updated`) VALUES
(1, 'Administrator', 1, 'admin', 'admin123', 1, '2020-09-07 09:10:49'),
(6, 'John Smith', 2, 'jsmith', 'admin123', 1, '2020-09-07 10:23:30'),
(12, 'Sample Student', 3, 'sstudent', 'admin123', 1, '2020-09-07 14:51:25'),
(13, 'Claire Blake', 3, 'cblake', 'admin123', 1, '2020-09-07 14:54:28');

--
-- Indexes for dumped tables
--

--
-- Indexes for table `answers`
--
ALTER TABLE `answers`
  ADD PRIMARY KEY (`id`);

--
-- Indexes for table `faculty`
--
ALTER TABLE `faculty`
  ADD PRIMARY KEY (`id`);

--
-- Indexes for table `history`
--
ALTER TABLE `history`
  ADD PRIMARY KEY (`id`);

--
-- Indexes for table `questions`
--
ALTER TABLE `questions`
  ADD PRIMARY KEY (`id`);

--
-- Indexes for table `question_opt`
--
ALTER TABLE `question_opt`
  ADD PRIMARY KEY (`id`);

--
-- Indexes for table `quiz_list`
--
ALTER TABLE `quiz_list`
  ADD PRIMARY KEY (`id`);

--
-- Indexes for table `quiz_student_list`
--
ALTER TABLE `quiz_student_list`
  ADD PRIMARY KEY (`id`);

--
-- Indexes for table `students`
--
ALTER TABLE `students`
  ADD PRIMARY KEY (`id`);

--
-- Indexes for table `users`
--
ALTER TABLE `users`
  ADD PRIMARY KEY (`id`);

--
-- AUTO_INCREMENT for dumped tables
--

--
-- AUTO_INCREMENT for table `answers`
--
ALTER TABLE `answers`
  MODIFY `id` int(30) NOT NULL AUTO_INCREMENT, AUTO_INCREMENT=7;

--
-- AUTO_INCREMENT for table `faculty`
--
ALTER TABLE `faculty`
  MODIFY `id` int(30) NOT NULL AUTO_INCREMENT, AUTO_INCREMENT=3;

--
-- AUTO_INCREMENT for table `history`
--
ALTER TABLE `history`
  MODIFY `id` int(30) NOT NULL AUTO_INCREMENT, AUTO_INCREMENT=4;

--
-- AUTO_INCREMENT for table `questions`
--
ALTER TABLE `questions`
  MODIFY `id` int(30) NOT NULL AUTO_INCREMENT, AUTO_INCREMENT=6;

--
-- AUTO_INCREMENT for table `question_opt`
--
ALTER TABLE `question_opt`
  MODIFY `id` int(30) NOT NULL AUTO_INCREMENT, AUTO_INCREMENT=41;

--
-- AUTO_INCREMENT for table `quiz_list`
--
ALTER TABLE `quiz_list`
  MODIFY `id` int(30) NOT NULL AUTO_INCREMENT, AUTO_INCREMENT=3;

--
-- AUTO_INCREMENT for table `quiz_student_list`
--
ALTER TABLE `quiz_student_list`
  MODIFY `id` int(30) NOT NULL AUTO_INCREMENT, AUTO_INCREMENT=7;

--
-- AUTO_INCREMENT for table `students`
--
ALTER TABLE `students`
  MODIFY `id` int(30) NOT NULL AUTO_INCREMENT, AUTO_INCREMENT=5;

--
-- AUTO_INCREMENT for table `users`
--
ALTER TABLE `users`
  MODIFY `id` int(30) NOT NULL AUTO_INCREMENT, AUTO_INCREMENT=14;
COMMIT;

/*!40101 SET CHARACTER_SET_CLIENT=@OLD_CHARACTER_SET_CLIENT */;
/*!40101 SET CHARACTER_SET_RESULTS=@OLD_CHARACTER_SET_RESULTS */;
/*!40101 SET COLLATION_CONNECTION=@OLD_COLLATION_CONNECTION */;
